outer_width,inner_width,outer_height,inner_height,mass,deflection,rotation,Iy,Ix,A,m,j,sigma_y,norm_mass,norm_deflection,norm_rotation,composite_score
0.03,0.023999999999999987,0.09,0.05899999999999996,9.880380000000011,0.0049971565935914624,0.29699372149663505,1.345320000000001e-07,1.4117420000000007e-06,0.0012840000000000015,9.880380000000011,3.0450358021444505e-07,23255465.58790486,0.9661835748792138,1.0,0.3498650213452888,5.24841574598293
0.03,0.024999999999999988,0.09,0.05699999999999996,9.811125000000011,0.004910411299479266,0.3438462305644063,1.2828125000000012e-07,1.4366812500000007e-06,0.0012750000000000014,9.811125000000011,2.630119031652364e-07,22851775.576524008,0.944444444444431,0.941448004107915,0.4130947116470387,5.129324053196163
0.03,0.024999999999999988,0.09,0.05799999999999996,9.618750000000011,0.00498207119295912,0.34196784288703186,1.269791666666668e-07,1.4160166666666674e-06,0.0012500000000000013,9.618750000000011,2.6445659548992254e-07,23185262.061416402,0.8840579710144785,0.9898175419785549,0.4105597380998332,5.0423687351003785
0.03,0.02599999999999999,0.09,0.053999999999999965,9.972720000000011,0.004762413080526391,0.41783307129227076,1.2340800000000012e-07,1.4813280000000007e-06,0.0012960000000000014,9.972720000000011,2.1643966863905368e-07,22163030.402449682,0.995169082125591,0.8415510448912392,0.5129434736175214,5.181552809776773
0.03,0.02599999999999999,0.09,0.054999999999999966,9.77265000000001,0.0048253045940977795,0.4153206106868725,1.2194333333333347e-07,1.4620208333333342e-06,0.0012700000000000012,9.77265000000001,2.1774900924702817e-07,22455711.130427334,0.9323671497584399,0.8840020352529306,0.5095527884837777,5.074658308264959
0.03,0.02599999999999999,0.09,0.05599999999999996,9.572580000000011,0.0048923039991830754,0.41286584062056725,1.204786666666668e-07,1.4419986666666676e-06,0.0012440000000000014,9.572580000000011,2.1904367617579073e-07,22767508.915865835,0.8695652173912899,0.9292258013543222,0.5062399594775452,4.973387214360059
0.03,0.02599999999999999,0.09,0.05699999999999996,9.37251000000001,0.0049637314261017675,0.41046964943608727,1.1901400000000014e-07,1.4212485000000006e-06,0.0012180000000000014,9.37251000000001,2.203223834482763e-07,23099913.561914038,0.8067632850241394,0.9774384271841012,0.5030061854596096,4.87817289490023
0.03,0.02699999999999999,0.09,0.05199999999999997,9.97272000000001,0.004683982442275975,0.539286599013004,1.1720700000000012e-07,1.5061320000000003e-06,0.0012960000000000011,9.97272000000001,1.6769497269624615e-07,21798034.63441451,0.9951690821255904,0.7886113384131872,0.676850788223208,5.239580711426353
0.03,0.02699999999999999,0.09,0.052999999999999964,9.764955000000011,0.004742567381561372,0.5358418002911948,1.1556675000000012e-07,1.4875267500000006e-06,0.0012690000000000012,9.764955000000011,1.6877304355089755e-07,22070673.68704461,0.9299516908212424,0.8281554446322511,0.6722018684392792,5.118367830167508
0.03,0.02699999999999999,0.09,0.053999999999999965,9.557190000000011,0.004804976851851849,0.532464530086868,1.1392650000000013e-07,1.4682060000000008e-06,0.0012420000000000013,9.557190000000011,1.6984352268907605e-07,22361111.111111097,0.8647342995168937,0.8702810617677336,0.6676440816028043,5.002409103688953
0.03,0.02699999999999999,0.09,0.054999999999999966,9.349425000000009,0.004871501845018448,0.5291550314373314,1.1228625000000013e-07,1.4481562500000007e-06,0.0012150000000000012,9.349425000000009,1.709057764248956e-07,22670701.107011057,0.7995169082125445,0.9151846057176065,0.6631777557041941,4.892097691777042
0.03,0.02699999999999999,0.09,0.05599999999999996,9.14166000000001,0.004942464461587932,0.5259137333532683,1.1064600000000013e-07,1.4273640000000008e-06,0.0011880000000000013,9.14166000000001,1.7195909853943568e-07,23000942.646725,0.7342995169081965,0.963083490335992,0.6588034697137786,4.787869001110352
0.03,0.027999999999999983,0.09,0.05099999999999997,9.788040000000011,0.004662778874123336,0.7787366311539372,1.0920400000000018e-07,1.5129810000000005e-06,0.0012720000000000014,9.788040000000011,1.1613124113980488e-07,21699358.74938283,0.9371980676328366,0.7742991933213149,1.0,5.36019258954114
0.03,0.027999999999999983,0.09,0.05199999999999997,9.572580000000011,0.00472070838242353,0.7735574966715985,1.0737466666666685e-07,1.4944146666666671e-06,0.0012440000000000014,9.572580000000011,1.1690876487663357e-07,21968947.596874043,0.8695652173912899,0.8134008917677622,0.9930105115848608,5.228507947294255
0.03,0.027999999999999983,0.09,0.052999999999999964,9.357120000000013,0.004782454478007555,0.7684688117132336,1.0554533333333352e-07,1.4751203333333342e-06,0.0012160000000000016,9.357120000000013,1.1768291714444316e-07,22256297.84779139,0.8019323671497438,0.8550787392174695,0.9861430891060524,5.102097668990223
0.03,0.027999999999999983,0.09,0.053999999999999965,9.141660000000012,0.004848308306427669,0.7634701476447608,1.037160000000002e-07,1.4550840000000007e-06,0.0011880000000000016,9.141660000000012,1.1845342188679323e-07,22562764.417724326,0.7342995169081971,0.8995292553013207,0.9793971541014865,4.981354215428719
0.03,0.027999999999999983,0.09,0.054999999999999966,8.926200000000012,0.004918592227580395,0.7585612538651101,1.0188666666666687e-07,1.4342916666666675e-06,0.0011600000000000015,8.926200000000012,1.192199720670399e-07,22889847.48569269,0.6666666666666503,0.9469700289448034,0.9727723683730951,4.866712426262653
0.03,0.027999999999999983,0.09,0.05599999999999996,8.710740000000014,0.00499366416290405,0.7537420759496846,1.0005733333333355e-07,1.4127293333333344e-06,0.0011320000000000017,8.710740000000014,1.199822251968512e-07,23239212.724872027,0.5990338164251041,0.9976426526723364,0.966268658472295,4.7586554130922805
0.04,0.03199999999999998,0.09,0.07199999999999994,9.972720000000026,0.004917288302657323,0.12895743299824927,2.8339200000000053e-07,1.4346720000000028e-06,0.0012960000000000033,9.972720000000026,7.012829690721662e-07,22883779.358626872,0.9951690821255954,0.9460898958203422,0.123092054590408,5.000779092607879
0.04,0.03299999999999998,0.09,0.06999999999999995,9.926550000000022,0.0047450451277955205,0.14057461141912733,2.7036750000000057e-07,1.4867500000000023e-06,0.001290000000000003,9.926550000000022,6.433284828887104e-07,22082204.472843416,0.9806763285024057,0.8298278925593494,0.13876998963268672,4.7404547602586025
0.04,0.03299999999999998,0.09,0.07099999999999995,9.672615000000022,0.004879627502538044,0.14058816467383525,2.6737275000000054e-07,1.4457447500000022e-06,0.001257000000000003,9.672615000000022,6.432664634803933e-07,22708515.80128508,0.9009661835748686,0.9206693235985849,0.13878828039479987,4.6830254783165755
0.04,0.03399999999999998,0.09,0.06799999999999995,9.911160000000022,0.004583622287879477,0.15716801965642793,2.5727733333333393e-07,1.5391093333333357e-06,0.0012880000000000027,9.911160000000022,5.754074632653074e-07,21330984.608414184,0.9758454106280096,0.7208694809661149,0.16116358358893315,4.530438777405192
0.04,0.03399999999999998,0.09,0.06899999999999995,9.649530000000022,0.004705563338746125,0.15690535530126573,2.540020000000006e-07,1.4992245000000022e-06,0.001254000000000003,9.649530000000022,5.763707129262505e-07,21898466.50718418,0.8937198067632742,0.8031781754318431,0.1608091055436658,4.448324876697175
0.04,0.03399999999999998,0.09,0.06999999999999995,9.387900000000021,0.00483805864241627,0.15671962220315463,2.507266666666673e-07,1.458166666666669e-06,0.0012200000000000028,9.387900000000021,5.770537870472022e-07,22515065.150302853,0.8115942028985389,0.8926108594248311,0.16055844989029702,4.380562777435577
0.04,0.03399999999999998,0.09,0.07099999999999995,9.126270000000023,0.004982415430651443,0.15662091362443592,2.474513333333339e-07,1.415918833333336e-06,0.001186000000000003,9.126270000000023,5.774174687410804e-07,23186864.054001167,0.7294685990338042,0.9900498981444202,0.16042523796660937,4.328930831356862
0.04,0.03499999999999998,0.09,0.06599999999999995,9.926550000000022,0.004432817359893678,0.18141303163897207,2.441875000000006e-07,1.5914700000000023e-06,0.001290000000000003,9.926550000000022,4.98506919155136e-07,20629177.741333455,0.9806763285024057,0.6190780280198598,0.19388338087451762,4.374068422421454
0.04,0.03499999999999998,0.09,0.06699999999999995,9.657225000000023,0.0045432839508524865,0.18086197999212983,2.406145833333339e-07,1.5527745833333358e-06,0.001255000000000003,9.657225000000023,5.000257738020587e-07,21143260.49150187,0.8961352657004729,0.6936416045945965,0.19313971045721498,4.2688287167478265
0.04,0.03499999999999998,0.09,0.06799999999999995,9.387900000000021,0.004663007969482579,0.18037393977057115,2.3704166666666725e-07,1.5129066666666691e-06,0.0012200000000000028,9.387900000000021,5.01378700337576e-07,21700424.899531107,0.8115942028985389,0.7744538298427607,0.19248107695651354,4.176171345337652
0.04,0.03499999999999998,0.09,0.06899999999999995,9.118575000000023,0.004793084781129848,0.1799556487155561,2.3346875000000059e-07,1.4718487500000022e-06,0.0011850000000000029,9.118575000000023,5.025441109652678e-07,22305768.510521173,0.727053140096606,0.8622540617651465,0.19191657327483586,4.0975841170949465
0.04,0.03499999999999998,0.09,0.06999999999999995,8.849250000000023,0.004934791613232287,0.17961525227863867,2.2989583333333392e-07,1.4295833333333357e-06,0.001150000000000003,8.849250000000023,5.034965034965047e-07,22965235.208394017,0.6425120772946726,0.9579044130154493,0.19145719208662723,4.034802250001544
0.04,0.035999999999999976,0.09,0.06399999999999995,9.972720000000026,0.004292305425604532,0.21877786894141765,2.3116800000000076e-07,1.6435680000000025e-06,0.0012960000000000033,9.972720000000026,4.1336745775301985e-07,19975271.786746852,0.9951690821255954,0.5242342179493581,0.24430900669087466,4.2782846889663775
0.04,0.035999999999999976,0.09,0.06499999999999995,9.695700000000025,0.004392370359561049,0.2178770311429395,2.2728000000000078e-07,1.6061250000000026e-06,0.0012600000000000033,9.695700000000025,4.1507657334290704e-07,20440947.933691304,0.9082125603864639,0.5917768052669559,0.24309328321857368,4.151284574911877
0.04,0.035999999999999976,0.09,0.06599999999999995,9.418680000000025,0.004500568954974501,0.21703138809746222,2.233920000000008e-07,1.5675120000000023e-06,0.0012240000000000033,9.418680000000025,4.16693881422927e-07,20944476.02315003,0.8212560386473324,0.6648095130238034,0.24195204769169903,4.035339189681303
0.04,0.035999999999999976,0.09,0.06699999999999995,9.141660000000027,0.004617820938482468,0.21624551470959336,2.1950400000000077e-07,1.5277110000000024e-06,0.0011880000000000033,9.141660000000027,4.1820821864623466e-07,21490136.22340871,0.7342995169082015,0.7439531452745356,0.24089147416169962,3.9316963154353752
0.04,0.035999999999999976,0.09,0.06799999999999995,8.864640000000026,0.0047451919438906386,0.21552488785716248,2.1561600000000078e-07,1.4867040000000025e-06,0.0011520000000000033,8.864640000000026,4.196065354497376e-07,22082887.716720976,0.64734299516907,0.829926991599663,0.23991895393580479,3.841801922642341
0.04,0.035999999999999976,0.09,0.06899999999999995,8.587620000000026,0.004883923648105564,0.21487609881169684,2.117280000000008e-07,1.4444730000000025e-06,0.0011160000000000033,8.587620000000026,4.2087348009882186e-07,22728508.94409237,0.5603864734299385,0.9235691684858001,0.2390433822485634,3.767341139509979
0.04,0.03699999999999998,0.09,0.06299999999999996,9.764955000000022,0.004252322697848894,0.2807152386319394,2.140717500000007e-07,1.6590217500000017e-06,0.0012690000000000028,9.764955000000022,3.221615325825333e-07,19789202.582787093,0.9299516908212457,0.49724637341828154,0.3278964341640087,4.1122442534643096
0.04,0.03699999999999998,0.09,0.06399999999999995,9.480240000000027,0.004350124709208391,0.27936087257497155,2.0985066666666744e-07,1.6217226666666693e-06,0.0012320000000000035,9.480240000000027,3.2372340000000226e-07,20244347.67720248,0.8405797101449177,0.5632615160950963,0.3260686527273004,3.974330815352246
0.04,0.03699999999999998,0.09,0.06499999999999995,9.195525000000025,0.004455861208887362,0.2780625450999152,2.056295833333341e-07,1.583239583333336e-06,0.0011950000000000034,9.195525000000025,3.2523492678397683e-07,20736417.81421265,0.7512077294685876,0.6346323398176948,0.324316498023284,3.8472043660644366
0.04,0.03699999999999998,0.09,0.06599999999999995,8.910810000000025,0.004570423738819627,0.27682394157402374,2.0140850000000078e-07,1.5435540000000025e-06,0.0011580000000000032,8.910810000000025,3.2669013735849276e-07,21269561.997830946,0.661835748792258,0.7119606243158129,0.32264494363042345,3.7320734386388232
0.04,0.03699999999999998,0.09,0.06699999999999995,8.626095000000026,0.004694844422918232,0.2756494772453079,1.9718741666666745e-07,1.5026474166666692e-06,0.0011210000000000035,8.626095000000026,3.280820714797004e-07,21848583.4639962,0.572463768115929,0.7959430404087183,0.32105994813599353,3.6303373333012177
0.04,0.03699999999999998,0.09,0.06799999999999995,8.341380000000026,0.004830324822538098,0.27454446015884165,1.9296633333333412e-07,1.460501333333336e-06,0.0010840000000000034,8.341380000000026,3.29402572700299e-07,22479073.96638228,0.48309178743959935,0.8873906270840295,0.3195686749993865,3.5436252914862436
0.04,0.03699999999999998,0.09,0.06899999999999995,8.056665000000024,0.004978272199561453,0.2735153007387245,1.887452500000008e-07,1.4170972500000029e-06,0.0010470000000000032,8.056665000000024,3.306420198529435e-07,23167582.535355236,0.39371980676326923,0.9872532686298868,0.3181797753929426,3.473845732942524
0.04,0.03799999999999998,0.09,0.06099999999999996,9.864990000000022,0.004122595383808942,0.40778932846890503,2.010673333333341e-07,1.711226833333335e-06,0.0012820000000000028,9.864990000000022,2.2177052017640802e-07,19185485.44265657,0.961352657004821,0.40968204803903824,0.49938896478058303,4.202811031873122
0.04,0.03799999999999998,0.09,0.06199999999999996,9.572580000000023,0.004211017908740031,0.4055092395338786,1.964946666666674e-07,1.6752946666666683e-06,0.001244000000000003,9.572580000000023,2.2301748685403667e-07,19596980.84953809,0.8695652173912938,0.46936615389769826,0.4963118762726094,4.043739836241887
0.04,0.03799999999999998,0.09,0.06299999999999996,9.280170000000021,0.004306411056721629,0.40328987175313885,1.9192200000000076e-07,1.6381845000000018e-06,0.0012060000000000026,9.280170000000021,2.2424478726382318e-07,20040915.721031398,0.7777777777777656,0.5337553437196536,0.49331673385155206,3.894160754624156
0.04,0.03799999999999998,0.09,0.06399999999999995,8.987760000000025,0.004409522965771119,0.40113356062047073,1.8734933333333416e-07,1.599877333333336e-06,0.0011680000000000032,8.987760000000025,2.2545022500000224e-07,20520771.696663376,0.685990338164239,0.6033546013725475,0.4904066893774002,3.755086906615212
0.04,0.03799999999999998,0.09,0.06499999999999995,8.695350000000026,0.004521214474545035,0.3990431413520736,1.827766666666675e-07,1.560354166666669e-06,0.0011300000000000034,8.695350000000026,2.2663126395435598e-07,21040554.895389635,0.5942028985507118,0.6787449822553717,0.48758556910931866,3.6276842292721976
0.04,0.03799999999999998,0.09,0.06599999999999995,8.402940000000024,0.004642481188256609,0.39702204876448505,1.7820400000000082e-07,1.5195960000000025e-06,0.0010920000000000031,8.402940000000024,2.2778496000000226e-07,21604898.60462909,0.5024154589371836,0.7605985075186907,0.48485800849565897,3.513301400344591
0.04,0.03799999999999998,0.09,0.06699999999999995,8.110530000000026,0.0047744809361070575,0.3950744433772343,1.7363133333333416e-07,1.477583833333336e-06,0.0010540000000000033,8.110530000000026,2.2890787549774583e-07,22219191.0599996,0.41062801932365645,0.8496966974896561,0.4822296223554897,3.413507075305771
0.04,0.03799999999999998,0.09,0.06799999999999995,7.818120000000027,0.004918568222715577,0.393205372076562,1.6905866666666748e-07,1.4342986666666694e-06,0.0010160000000000034,7.818120000000027,2.2999597136564103e-07,22889735.773302402,0.3188405797101293,0.9469538259592627,0.47970722170193125,3.3301366127508447
0.05,0.041999999999999975,0.09,0.07699999999999994,9.74187000000003,0.004900338137041019,0.0856707865204291,4.621020000000014e-07,1.4396345000000044e-06,0.001266000000000004,9.74187000000003,1.055618317165465e-06,22804897.701465126,0.9227053140096542,0.9346487446006304,0.06467466552305015,4.702088096753274
0.05,0.042999999999999976,0.09,0.07499999999999994,9.81112500000003,0.004623661382488467,0.0914735528837108,4.405812500000014e-07,1.525781250000004e-06,0.001275000000000004,9.81112500000003,9.886535358685248e-07,21517316.1290322,0.9444444444444371,0.7478953724229609,0.07250577483489062,4.401629853014124
0.05,0.042999999999999976,0.09,0.07599999999999994,9.48024000000003,0.004817127345904444,0.09215278817282341,4.339556666666681e-07,1.4645026666666707e-06,0.001232000000000004,9.48024000000003,9.81366416470591e-07,22417656.346591316,0.8405797101449188,0.8784824943080873,0.07342243517661291,4.352126554227544
0.05,0.04399999999999998,0.09,0.07299999999999994,9.91116000000003,0.004378795151741662,0.10076145011716968,4.1929733333333474e-07,1.6111043333333374e-06,0.001288000000000004,9.91116000000003,8.975223301349351e-07,20377772.451318536,0.9758454106280123,0.582613708633185,0.08504023408394833,4.177803883234355
0.05,0.04399999999999998,0.09,0.07399999999999994,9.57258000000003,0.004546492772827093,0.1010958515972947,4.1219866666666806e-07,1.551678666666671e-06,0.0012440000000000038,9.57258000000003,8.945535357590994e-07,21158193.51343356,0.8695652173912961,0.6958075195643767,0.08549152479271628,4.085802216095358
0.05,0.04399999999999998,0.09,0.07499999999999994,9.234000000000032,0.004732709999999987,0.10155334983249183,4.051000000000014e-07,1.4906250000000043e-06,0.001200000000000004,9.234000000000032,8.905235686080976e-07,22024799.999999937,0.7632850241545803,0.8215018345362103,0.0861089404295879,4.01896768196575
0.05,0.04399999999999998,0.09,0.07599999999999994,8.89542000000003,0.004940535363584441,0.10215877535974456,3.9800133333333474e-07,1.4279213333333376e-06,0.0011560000000000038,8.89542000000003,8.852460415512493e-07,22991965.12693036,0.6570048309178635,0.9617813731487502,0.08692599098569775,3.9815032300367887
0.05,0.04499999999999997,0.09,0.07199999999999994,9.695700000000036,0.00430736945680843,0.11509002893502357,3.907500000000018e-07,1.6378200000000042e-06,0.0012600000000000046,9.695700000000036,7.857818121498123e-07,20045375.86547967,0.9082125603864672,0.5344022518720747,0.10437733297456732,3.8978195178781183
0.05,0.04499999999999997,0.09,0.07299999999999994,9.349425000000037,0.004468713047795267,0.11522237663615324,3.831562500000018e-07,1.5786862500000044e-06,0.0012150000000000047,9.349425000000037,7.848792407963684e-07,20796226.926027834,0.7995169082125535,0.6433071714226015,0.10455594249454998,3.7897210099774132
0.05,0.04499999999999997,0.09,0.07399999999999994,9.003150000000034,0.004647637767555375,0.11545861436068384,3.7556250000000177e-07,1.5179100000000046e-06,0.0011700000000000044,9.003150000000034,7.83273313972253e-07,21628895.98197515,0.690821256038638,0.7640791344853599,0.10487475654436007,3.705496793630994
0.05,0.04499999999999997,0.09,0.07499999999999994,8.656875000000035,0.004847026666666652,0.11581780028181864,3.679687500000018e-07,1.4554687500000045e-06,0.0011250000000000045,8.656875000000035,7.808441472457666e-07,22556799.99999993,0.5821256038647241,0.8986641643843989,0.10535949503555272,3.6490646353985228
0.05,0.04599999999999997,0.09,0.06999999999999995,9.849600000000029,0.004095218175551463,0.13738054697885332,3.6970666666666837e-07,1.72266666666667e-06,0.0012800000000000038,9.849600000000029,6.582857142857185e-07,19058079.04411761,0.956521739130427,0.3912027725713071,0.1344594476920144,3.7864302102259093
0.05,0.04599999999999997,0.09,0.07099999999999995,9.495630000000029,0.004235762632008027,0.13720150359933786,3.61595333333335e-07,1.6655078333333368e-06,0.0012340000000000038,9.495630000000029,6.591447551553919e-07,19712136.348403003,0.8454106280193145,0.4860685347007945,0.13421782013219757,3.6425867735917303
0.05,0.04599999999999997,0.09,0.07199999999999994,9.141660000000035,0.004390754709450819,0.1371003636901484,3.534840000000018e-07,1.6067160000000043e-06,0.0011880000000000046,9.141660000000035,6.59631010909095e-07,20433429.118773893,0.7342995169082043,0.5906862615137132,0.13408132701235323,3.5183524007643925
0.05,0.04599999999999997,0.09,0.07299999999999994,8.787690000000035,0.004562401267664965,0.13708894510544523,3.4537266666666846e-07,1.546268166666671e-06,0.0011420000000000046,8.787690000000035,6.596859537242512e-07,21232227.506030858,0.6231884057970918,0.7065455559492847,0.13406591708898236,3.4167222463788267
0.05,0.04599999999999997,0.09,0.07399999999999994,8.433720000000035,0.0047533854662651035,0.13718207079132547,3.3726133333333516e-07,1.484141333333338e-06,0.0010960000000000045,8.433720000000035,6.592381276595787e-07,22121018.23635837,0.5120772946859793,0.8354575174145951,0.13419159463314181,3.34133851352027
0.05,0.04599999999999997,0.09,0.07499999999999994,8.079750000000034,0.004967002574257411,0.13739856882681067,3.291500000000018e-07,1.4203125000000045e-06,0.0010500000000000045,8.079750000000034,6.581993704092382e-07,23115136.633663293,0.40096618357486685,0.9796464115518052,0.13448376903334022,3.296675142861551
0.05,0.04699999999999997,0.09,0.06899999999999995,9.672615000000029,0.004029321269265212,0.17524999610391567,3.4051775000000167e-07,1.7508397500000034e-06,0.0012570000000000038,9.672615000000029,5.160379658057895e-07,18751412.00101262,0.9009661835748708,0.34672317946296816,0.18556607117320317,3.5819109808237517
0.05,0.04699999999999997,0.09,0.06999999999999995,9.31095000000003,0.004164314532195379,0.17476112154132395,3.31865833333335e-07,1.6940833333333367e-06,0.001210000000000004,9.31095000000003,5.174815239186526e-07,19379635.49608929,0.7874396135265608,0.43784195492441336,0.1849063116895784,3.4229090621180878
0.05,0.04699999999999997,0.09,0.07099999999999995,8.94928500000003,0.004312999839312677,0.1743429496290918,3.232139166666683e-07,1.6356819166666703e-06,0.0011630000000000039,8.94928500000003,5.187227340671686e-07,20071578.199571457,0.6739130434782502,0.5382026901164038,0.18434196879675524,3.2824864794643136
0.05,0.04699999999999997,0.09,0.07199999999999994,8.587620000000035,0.004477432162074154,0.1740048530504867,3.1456200000000173e-07,1.5756120000000044e-06,0.0011160000000000046,8.587620000000035,5.197306276894339e-07,20836803.413530685,0.5603864734299413,0.6491924652436096,0.18388569137676994,3.1634300421538133
0.05,0.04699999999999997,0.09,0.07299999999999994,8.225955000000035,0.004660102028211609,0.1737584730716696,3.0591008333333515e-07,1.5138500833333376e-06,0.0010690000000000044,8.225955000000035,5.204675771962813e-07,21686901.405527707,0.44685990338163073,0.7724923555852595,0.18355318987221608,3.0691176111876275
0.05,0.04699999999999997,0.09,0.07399999999999994,7.864290000000036,0.004864057359798087,0.17361842640588315,2.9725816666666847e-07,1.4503726666666713e-06,0.0010220000000000047,7.864290000000036,5.208874044596957e-07,22636056.411248714,0.3333333333333207,0.9101596706764332,0.18336419023310047,3.003683531585929
0.05,0.047999999999999966,0.09,0.06699999999999995,9.880380000000033,0.0038456777427051552,0.25293169097319534,3.2002800000000194e-07,1.8344480000000036e-06,0.0012840000000000043,9.880380000000033,3.5754970501707974e-07,17896782.84693812,0.9661835748792205,0.22276608043181,0.2904012146143961,3.6344841001156776
0.05,0.047999999999999966,0.09,0.06799999999999995,9.511020000000034,0.003963819997027702,0.25183340023169226,3.108120000000019e-07,1.7797720000000033e-06,0.0012360000000000045,9.511020000000034,3.5910904357299064e-07,18446586.135752186,0.8502415458937124,0.30251063442258186,0.2889190190003668,3.4446649255266677
0.05,0.047999999999999966,0.09,0.06899999999999995,9.141660000000034,0.004093323587698952,0.25079760581692084,3.015960000000019e-07,1.7234640000000033e-06,0.0011880000000000042,9.141660000000034,3.6059216435644167e-07,19049262.12557961,0.7342995169082037,0.3899239493072584,0.2875211651529337,3.2702676144920613
0.05,0.047999999999999966,0.09,0.06999999999999995,8.772300000000033,0.004235782554037817,0.24983037055165297,2.9238000000000193e-07,1.6655000000000038e-06,0.0011400000000000043,8.772300000000033,3.6198822143699063e-07,19712229.060342193,0.6183574879226951,0.4860819818234119,0.2862158351399059,3.113452262554815
0.05,0.047999999999999966,0.09,0.07099999999999995,8.402940000000035,0.0043931061338936895,0.24893912081924818,2.831640000000019e-07,1.6058560000000036e-06,0.0010920000000000044,8.402940000000035,3.632842086021564e-07,20444372.035848748,0.502415458937187,0.5922734438009902,0.28501305121898596,2.9768063156325275
0.05,0.047999999999999966,0.09,0.07199999999999994,8.033580000000038,0.004567600714110888,0.2481330224719021,2.7394800000000205e-07,1.5445080000000047e-06,0.001044000000000005,8.033580000000038,3.6446439331620134e-07,21256424.375917703,0.3864734299516794,0.7100551177077482,0.2839251831438372,2.8634557084143717
0.05,0.047999999999999966,0.09,0.07299999999999994,7.66422000000004,0.004762078747961418,0.24742348952452348,2.647320000000022e-07,1.4814320000000046e-06,0.0009960000000000051,7.66422000000004,3.655095628581117e-07,22161474.50574842,0.27053140096617156,0.8413253745632836,0.28296763467067554,2.7772125866957573
0.05,0.047999999999999966,0.09,0.07399999999999994,7.294860000000037,0.0049800055934827074,0.24682488372283226,2.5551600000000217e-07,1.4166040000000049e-06,0.0009480000000000048,7.294860000000037,3.6639600567376475e-07,23175649.2993101,0.15458937198066205,0.9884232879928436,0.28215978765870403,2.7227744795863775
0.060000000000000005,0.05199999999999997,0.09,0.07899999999999993,9.941940000000045,0.004676636894864253,0.06322067596120964,6.943306666666695e-07,1.5084976666666732e-06,0.0012920000000000058,9.941940000000045,1.430475870780405e-06,21763850.369451366,0.9855072463768092,0.783653185163744,0.03437717311242612,4.558205282570341
0.060000000000000005,0.05199999999999997,0.09,0.07999999999999993,9.541800000000045,0.0049460358801705784,0.06476054151974613,6.826133333333361e-07,1.42633333333334e-06,0.0012400000000000059,9.541800000000045,1.3964622496147975e-06,23017563.098854765,0.8599033816425081,0.965494153511675,0.03645529495285426,4.547153746903729
0.060000000000000005,0.052999999999999964,0.09,0.07799999999999994,9.741870000000045,0.004554172682403916,0.06708375045341643,6.522995000000029e-07,1.5490620000000056e-06,0.0012660000000000058,9.741870000000045,1.3481007082294323e-06,21193933.812849246,0.9227053140096586,0.7009913631214935,0.03959057595071395,4.209689244222677
0.060000000000000005,0.052999999999999964,0.09,0.07899999999999993,9.334035000000052,0.004807579773572857,0.06827386847134564,6.398930833333364e-07,1.4674110833333403e-06,0.0012130000000000066,9.334035000000052,1.3246012496698173e-06,22373224.431031574,0.7946859903381618,0.8720380015934115,0.041196696843564064,4.1693306710448725
0.060000000000000005,0.053999999999999965,0.09,0.07599999999999994,9.972720000000049,0.0042253605898809644,0.07234396799134268,6.22728000000003e-07,1.6696080000000056e-06,0.0012960000000000063,9.972720000000049,1.2500786728723466e-06,19663727.95290864,0.9951690821256027,0.47904728548921977,0.04668948980742563,3.990291307162673
0.060000000000000005,0.053999999999999965,0.09,0.07699999999999994,9.557190000000048,0.004435237766184663,0.07306317209105323,6.09606000000003e-07,1.5906015000000057e-06,0.0012420000000000061,9.557190000000048,1.2377734077057851e-06,20640441.681967407,0.8647342995169054,0.6207117721976554,0.047660089960827615,3.8832865329068547
0.060000000000000005,0.053999999999999965,0.09,0.07799999999999994,9.141660000000046,0.0046734819927380525,0.0739660897565361,5.964840000000031e-07,1.5095160000000056e-06,0.0011880000000000059,9.141660000000046,1.2226636800000058e-06,21749168.27645409,0.7342995169082076,0.7815236654217939,0.04887862031261474,3.814824501880825
0.060000000000000005,0.053999999999999965,0.09,0.07899999999999993,8.726130000000051,0.004946066511337333,0.07510156226548372,5.833620000000032e-07,1.426324500000007e-06,0.0011340000000000065,8.726130000000051,1.2041780326386222e-06,23017705.648328863,0.603864734299512,0.9655148291687047,0.05041099449097641,3.7930348557269222
0.060000000000000005,0.054999999999999966,0.09,0.07499999999999994,9.811125000000047,0.004122163188167613,0.08171554195655141,5.801562500000029e-07,1.7114062500000053e-06,0.0012750000000000062,9.811125000000047,1.1067129866803343e-06,19183474.1166803,0.9444444444444421,0.4093903213502923,0.059336874787447966,3.711450850821359
0.060000000000000005,0.054999999999999966,0.09,0.07599999999999994,9.387900000000045,0.004320012641404087,0.08221820238015023,5.662916666666697e-07,1.6330266666666721e-06,0.0012200000000000058,9.387900000000045,1.0999468351155637e-06,20104213.954456687,0.8115942028985462,0.5429362444083188,0.060015238946454406,3.5806703364587307
0.060000000000000005,0.054999999999999966,0.09,0.07699999999999994,8.96467500000005,0.004543920426167888,0.08286825844511173,5.524270833333364e-07,1.5525570833333393e-06,0.0011650000000000063,8.96467500000005,1.0913183551074354e-06,21146222.481889337,0.6787439613526525,0.6940712175255828,0.06089252053679218,3.485266839645915
0.060000000000000005,0.054999999999999966,0.09,0.07799999999999994,8.541450000000046,0.004799210761954307,0.08370117930569766,5.385625000000031e-07,1.4699700000000058e-06,0.001110000000000006,8.541450000000046,1.0804585102277177e-06,22334277.230147466,0.545893719806756,0.8663890227188185,0.06201658686981474,3.43247579172772
0.060000000000000005,0.05599999999999996,0.09,0.07399999999999994,9.664920000000048,0.0040221654400892795,0.0964546793693553,5.370346666666703e-07,1.7539546666666723e-06,0.0012560000000000062,9.664920000000048,9.375973471502675e-07,18718110.635318525,0.8985507246376788,0.3418930836658203,0.07922804203696446,3.4586663832816416
0.060000000000000005,0.05599999999999996,0.09,0.07499999999999994,9.234000000000052,0.00420861795302012,0.09673733688613734,5.224000000000035e-07,1.6762500000000058e-06,0.0012000000000000066,9.234000000000052,9.348577747533258e-07,19585812.080536846,0.7632850241545864,0.4677462136013211,0.07960950180514333,3.3049570014715446
0.060000000000000005,0.05599999999999996,0.09,0.07599999999999994,8.803080000000055,0.004419002452793023,0.09714092764915737,5.077653333333369e-07,1.5964453333333393e-06,0.001144000000000007,8.803080000000055,9.309737274031645e-07,20564886.760920435,0.6280193236714942,0.6097531373490083,0.0801541667433111,3.1837184124558098
0.060000000000000005,0.05599999999999996,0.09,0.07699999999999994,8.37216000000005,0.00465806328267749,0.09769177796889719,4.931306666666703e-07,1.5145126666666726e-06,0.0010880000000000065,8.37216000000005,9.257242869070291e-07,21677413.614676405,0.49275362318839955,0.7711162276769912,0.08089756546010957,3.1013908903792906
0.060000000000000005,0.05599999999999996,0.09,0.07799999999999994,7.941240000000053,0.004931891413839513,0.09842503097091464,4.784960000000035e-07,1.430424000000006e-06,0.0010320000000000069,7.941240000000053,9.188277677419437e-07,22951738.43559662,0.35748792270530694,0.9559468144543988,0.0818871252756432,3.0662445223003614
0.060000000000000005,0.05699999999999996,0.08,0.06199999999999996,9.741870000000041,0.004940463859001263,0.1411017883975037,4.831695000000028e-07,1.427942000000004e-06,0.0012660000000000054,9.741870000000041,6.409249133127013e-07,20437006.54508371,0.9227053140096575,0.9617331084434044,0.13948144004890103,4.831063598964683
0.060000000000000005,0.05699999999999996,0.09,0.07199999999999994,9.972720000000049,0.003768389166522431,0.12183814568882226,5.088420000000035e-07,1.8720720000000056e-06,0.0012960000000000063,9.972720000000049,7.42260570247943e-07,17537101.938386932,0.9951690821256027,0.1705972516616542,0.1134842376196431,3.4401859873197598
0.060000000000000005,0.05699999999999996,0.09,0.07299999999999994,9.534105000000052,0.003925448782161156,0.12177144199500584,4.934092500000035e-07,1.7971692500000057e-06,0.0012390000000000066,9.534105000000052,7.426671641175619e-07,18268016.49315995,0.8574879227053123,0.276610541071876,0.113394217810973,3.239079068070662
0.060000000000000005,0.05699999999999996,0.09,0.07399999999999994,9.095490000000053,0.004101123857390989,0.12179121741793714,4.779765000000036e-07,1.720186000000006e-06,0.0011820000000000068,9.095490000000053,7.425465761344628e-07,19085562.549631193,0.7198067632850212,0.39518903444691517,0.11342090568516398,3.063219264434058
0.060000000000000005,0.05699999999999996,0.09,0.07499999999999994,8.656875000000047,0.004298776863753199,0.12191290792506765,4.6254375000000356e-07,1.6410937500000058e-06,0.0011250000000000062,8.656875000000047,7.4180538415606e-07,20005388.174807128,0.582125603864728,0.5286023583052664,0.113585132814759,2.9171666610194755
0.060000000000000005,0.05699999999999996,0.09,0.07599999999999994,8.218260000000049,0.004522635206498755,0.12215640831556668,4.471110000000035e-07,1.5598640000000059e-06,0.0010680000000000064,8.218260000000049,7.40326706915897e-07,21047166.611960962,0.4444444444444371,0.6797039586744312,0.11391374817786236,2.806654998860036
0.060000000000000005,0.05699999999999996,0.09,0.07699999999999994,7.779645000000052,0.004778088417241598,0.12254778557276413,4.316782500000036e-07,1.4764682500000061e-06,0.0010110000000000067,7.779645000000052,7.379623472938234e-07,22235979.33785563,0.3067632850241466,0.8521317024398634,0.1144419304087851,2.7389951903609515
0.060000000000000005,0.05799999999999996,0.08,0.06099999999999996,9.711090000000041,0.004822321745837751,0.2004852290849379,4.481806666666696e-07,1.4629251666666704e-06,0.0012620000000000053,9.711090000000041,4.5108386243568624e-07,19948293.094508886,0.9130434782608652,0.8819886497332273,0.21962221881247934,4.722729953061529
0.060000000000000005,0.05799999999999996,0.09,0.07099999999999995,9.864990000000049,0.00368372800840096,0.17381438423830817,4.655873333333366e-07,1.9150968333333375e-06,0.0012820000000000062,9.864990000000049,5.203001575113909e-07,17143110.953223303,0.9613526570048293,0.11345202167216291,0.18362864465193454,3.294590659010748
0.060000000000000005,0.05799999999999996,0.09,0.07199999999999994,9.41868000000005,0.0038320578324826824,0.1733481946137895,4.493280000000035e-07,1.8409680000000057e-06,0.0012240000000000063,9.41868000000005,5.216994137055938e-07,17833399.331221346,0.8212560386473402,0.21357281023129238,0.18299949957162376,3.073913235976229
0.060000000000000005,0.05799999999999996,0.09,0.07299999999999994,8.97237000000005,0.003997558396334806,0.17295970911604558,4.330686666666703e-07,1.7647511666666724e-06,0.0011660000000000064,8.97237000000005,5.228712048553475e-07,18603595.861059483,0.6811594202898507,0.3252836348239642,0.18247521990767793,2.8765207504251586
0.060000000000000005,0.05799999999999996,0.09,0.07399999999999994,8.52606000000005,0.004183244386966675,0.17266090092324526,4.1680933333333695e-07,1.6864173333333394e-06,0.0011080000000000065,8.52606000000005,5.237760895104994e-07,19467730.11109145,0.5410628019323616,0.450619371730138,0.1820719640337383,2.7064991132910987
0.060000000000000005,0.05799999999999996,0.09,0.07499999999999994,8.079750000000052,0.004392883187390528,0.1724670037157008,4.0055000000000357e-07,1.6059375000000057e-06,0.0010500000000000067,8.079750000000052,5.243649483585492e-07,20443334.50087558,0.40096618357487246,0.5921229576810125,0.18181029052622824,2.5689547566128708
0.060000000000000005,0.05799999999999996,0.09,0.07599999999999994,7.633440000000052,0.004631245400558163,0.1723976739409945,3.8429066666667035e-07,1.5232826666666726e-06,0.0009920000000000068,7.633440000000052,5.245758218750099e-07,21552610.174342692,0.2608695652173828,0.7530144904040236,0.18171672669644426,2.4703544031566396
0.060000000000000005,0.05799999999999996,0.09,0.07699999999999994,7.187130000000053,0.004904462565391288,0.1724786895949205,3.6803133333333696e-07,1.4384238333333397e-06,0.0009340000000000069,7.187130000000053,5.243294212713018e-07,22824091.717056405,0.12077294685989372,0.9374326824994378,0.1818260611762674,2.419010266754824
0.06999999999999999,0.06099999999999996,0.09,0.08199999999999993,9.988110000000052,0.00486627178333957,0.05056949090241972,1.02146316666667e-06,1.4497126666666743e-06,0.0012980000000000066,9.988110000000052,1.7883441158512807e-06,22646361.761801872,1.0,0.9116543790572311,0.017303796912651433,4.840612555027114
0.06999999999999999,0.06199999999999996,0.09,0.08099999999999993,9.83421000000005,0.004682149849026489,0.051179311732774756,9.637860000000036e-07,1.5067215000000076e-06,0.0012780000000000066,9.83421000000005,1.767035320231222e-06,21789506.222616345,0.9516908212560375,0.7873743607360236,0.01812677913943315,4.447947964379593
0.06999999999999999,0.06299999999999996,0.09,0.07999999999999993,9.695700000000052,0.004509233521092979,0.05319261509508552,9.055200000000037e-07,1.5645000000000078e-06,0.0012600000000000068,9.695700000000052,1.7001542664386235e-06,20984798.657718014,0.9082125603864724,0.6706579875141848,0.020843827822957097,4.086797484010744
0.06999999999999999,0.06299999999999996,0.09,0.08099999999999993,9.210915000000055,0.004823938875734431,0.05483913042823777,8.846827500000036e-07,1.4624347500000076e-06,0.001197000000000007,9.210915000000055,1.6491080509615454e-06,22449355.432780728,0.7560386473429933,0.8830801923239402,0.02306587860879032,4.05734220528565
0.06999999999999999,0.06399999999999995,0.09,0.07899999999999993,9.572580000000062,0.0043468117757055015,0.05692117854540415,8.467186666666715e-07,1.6229586666666748e-06,0.0012440000000000081,9.572580000000062,1.5887874040555859e-06,20228930.147327535,0.8695652173913061,0.5610253271370987,0.025875701609973597,3.7566220080580894
0.06999999999999999,0.06399999999999995,0.09,0.07999999999999993,9.080100000000058,0.004635656013853878,0.05818423025818317,8.248733333333382e-07,1.5218333333333419e-06,0.0011800000000000074,9.080100000000058,1.5542983226837152e-06,21573136.02015101,0.7149758454106268,0.7559915995857421,0.02758024999432145,3.6844909853976864
0.06999999999999999,0.06399999999999995,0.09,0.08099999999999993,8.587620000000058,0.004974583642715682,0.05978694602910623,8.03028000000005e-07,1.4181480000000083e-06,0.0011160000000000076,8.587620000000058,1.5126320627400863e-06,23150416.952250265,0.5603864734299485,0.9847635385817997,0.029743191186875517,3.6804296886403205
0.06999999999999999,0.06499999999999995,0.09,0.07699999999999994,9.965025000000056,0.003964174331215739,0.06232333980235261,8.103229166666713e-07,1.7796129166666733e-06,0.001295000000000007,9.965025000000056,1.451071970528822e-06,18448235.114799004,0.9927536231884069,0.3027498055976259,0.03316617526940727,3.6169266560298796
0.06999999999999999,0.06499999999999995,0.09,0.07799999999999994,9.464850000000055,0.0041942056490448755,0.06308208009663788,7.874375000000046e-07,1.682010000000007e-06,0.0012300000000000071,9.464850000000055,1.433618729097e-06,19518740.97062435,0.8357487922705304,0.45801808746156153,0.03419013139858108,3.4574726831332954
0.06999999999999999,0.06499999999999995,0.09,0.07899999999999993,8.964675000000062,0.004459713220859332,0.06403724410174788,7.645520833333384e-07,1.5818720833333419e-06,0.001165000000000008,8.964675000000062,1.4122352197612569e-06,20754344.074913234,0.6787439613526564,0.6372324000453697,0.03547917067165662,3.346175854820365
0.06999999999999999,0.06499999999999995,0.09,0.07999999999999993,8.464500000000063,0.004769371838028141,0.06524660044111406,7.416666666666717e-07,1.4791666666666754e-06,0.001100000000000008,8.464500000000063,1.3860592105263257e-06,22195414.647887193,0.5217391304347806,0.8462481197565281,0.037111254594674986,3.294824885412073
0.06999999999999999,0.06599999999999995,0.09,0.07599999999999994,9.880380000000057,0.00383797020222159,0.07269872358260433,7.516920000000045e-07,1.8381320000000064e-06,0.0012840000000000074,9.880380000000057,1.243978532775464e-06,17860913.960477203,0.9661835748792283,0.21756358635589992,0.047168249357652535,3.3808461467071376
0.06999999999999999,0.06599999999999995,0.09,0.07699999999999994,9.372510000000057,0.0040507713843871045,0.07322938550555556,7.277340000000046e-07,1.7415685000000068e-06,0.0012180000000000073,9.372510000000057,1.234963954327819e-06,18851235.25144137,0.8067632850241538,0.36120174069624195,0.04788440287238966,3.190577739337335
0.06999999999999999,0.06599999999999995,0.09,0.07799999999999994,8.864640000000055,0.0042951905452722075,0.07391490215116796,7.037760000000046e-07,1.642464000000007e-06,0.0011520000000000072,8.864640000000055,1.2235104000000108e-06,19988698.382430214,0.6473429951690789,0.5261816378833017,0.04880954020358506,3.043201801477425
0.06999999999999999,0.06599999999999995,0.09,0.07899999999999993,8.356770000000061,0.004578635925474353,0.07479619874432282,6.79818000000005e-07,1.540785500000008e-06,0.001086000000000008,8.356770000000061,1.2090942188930613e-06,21307779.37616873,0.4879227053140067,0.7175037482880555,0.049998891889501504,2.9487745044076323
0.06999999999999999,0.06599999999999995,0.09,0.07999999999999993,7.848900000000061,0.0049110308693003524,0.0759306050121845,6.55860000000005e-07,1.436500000000009e-06,0.0010200000000000079,7.848900000000061,1.1910303030303139e-06,22854658.893142913,0.32850241545893233,0.9418662060402548,0.05152982712478431,2.920769485582091
0.06999999999999999,0.06699999999999995,0.08,0.06499999999999995,9.58027500000005,0.004854113724815603,0.10535824470564703,6.575337500000043e-07,1.453343750000005e-06,0.0012450000000000065,9.58027500000005,8.583633084396856e-07,20079805.620659187,0.8719806763285003,0.9034478405926736,0.09124382710368943,4.514081537274537
0.06999999999999999,0.06699999999999995,0.09,0.07499999999999994,9.811125000000054,0.003718808450704213,0.09080388893485168,6.927312500000049e-07,1.8970312500000064e-06,0.001275000000000007,9.811125000000054,9.959446952962698e-07,17306366.19718304,0.9444444444444443,0.13713088442379448,0.07160203147225958,3.1791971336531812
0.06999999999999999,0.06699999999999995,0.09,0.07599999999999994,9.295560000000053,0.00391590199170084,0.09109203166756787,6.676676666666715e-07,1.8015506666666732e-06,0.0012080000000000068,9.295560000000053,9.927943184643627e-07,18223588.216225512,0.7826086956521718,0.27016657611059475,0.07199089380033662,2.960150132978041
0.06999999999999999,0.06699999999999995,0.09,0.07699999999999994,8.779995000000051,0.0041412363422217375,0.09150550304581187,6.42604083333338e-07,1.7035240833333402e-06,0.0011410000000000066,8.779995000000051,9.883083365124053e-07,19272235.609231353,0.6207729468598987,0.42226446339172397,0.07254889309888411,2.7793966604620284
0.06999999999999999,0.06699999999999995,0.09,0.07799999999999994,8.264430000000056,0.0044011582899125025,0.09207404783336974,6.175405000000048e-07,1.6029180000000072e-06,0.0010740000000000072,8.264430000000056,9.82205666254647e-07,20481844.673277017,0.4589371980676279,0.5977085490820464,0.07331617134193313,2.64554486370891
0.06999999999999999,0.06699999999999995,0.09,0.07899999999999993,7.748865000000061,0.00470407477484228,0.09283826858387546,5.924769166666721e-07,1.4996989166666752e-06,0.0010070000000000079,7.748865000000061,9.74120401817192e-07,21891539.11837958,0.29710144927535703,0.802173413289123,0.07434752360754504,2.5699986980118625
0.06999999999999999,0.06799999999999995,0.08,0.06399999999999995,9.603360000000054,0.004699421152736758,0.14771215331139462,6.096960000000044e-07,1.5011840000000052e-06,0.001248000000000007,9.603360000000054,6.122424558139652e-07,19439895.44253063,0.8792270531400957,0.7990322761796745,0.14840244203157582,4.384148153811212
0.06999999999999999,0.06799999999999995,0.08,0.06499999999999995,9.080100000000051,0.004931773040400787,0.14762419344649771,5.834933333333378e-07,1.4304583333333384e-06,0.0011800000000000066,9.080100000000051,6.126072521419944e-07,20401055.605720706,0.7149758454106245,0.955866913853808,0.14828373600863115,4.20494509994812
0.06999999999999999,0.06799999999999995,0.09,0.07399999999999994,9.757260000000054,0.003606269937364226,0.1280064369689382,6.335026666666715e-07,1.956230666666673e-06,0.001268000000000007,9.757260000000054,7.064929986207029e-07,16782641.25975595,0.9275362318840576,0.06116878598117898,0.12180864019899187,3.0267549078135225
0.06999999999999999,0.06799999999999995,0.09,0.07499999999999994,9.234000000000052,0.0037890276435045187,0.1279596174422074,6.073000000000049e-07,1.8618750000000066e-06,0.0012000000000000066,9.234000000000052,7.06751499454757e-07,17633148.036253713,0.7632850241545864,0.1845279672335113,0.1217454550199232,2.7806564619507053
0.06999999999999999,0.06799999999999995,0.09,0.07599999999999994,8.710740000000056,0.003997064260842668,0.12801787864373007,5.81097333333338e-07,1.7649693333333397e-06,0.0011320000000000071,8.710740000000056,7.064298553846287e-07,18601296.283145927,0.5990338164251175,0.32495009950539805,0.12182408128353606,2.5688257295696846
0.06999999999999999,0.06799999999999995,0.09,0.07699999999999994,8.187480000000052,0.004235834267415237,0.12820328837854164,5.548946666666714e-07,1.6654796666666735e-06,0.0010640000000000068,8.187480000000052,7.054082047405116e-07,19712469.72093517,0.4347826086956458,0.48611688771073674,0.12207430054274601,2.3986559020511566
0.06999999999999999,0.06799999999999995,0.09,0.07799999999999994,7.664220000000056,0.004512487011248742,0.12854532715319095,5.286920000000048e-07,1.5633720000000072e-06,0.0009960000000000073,7.664220000000056,7.035312251309031e-07,20999939.553733755,0.27053140096617656,0.6728540529513346,0.12253589814386877,2.2798382069450676
0.06999999999999999,0.06799999999999995,0.09,0.07899999999999993,7.14096000000006,0.004836580414501243,0.12908425573746718,5.024893333333385e-07,1.458612333333342e-06,0.0009280000000000078,7.14096000000006,7.005939723653526e-07,22508185.862498857,0.10628019323670736,0.8916130739461602,0.12326320791140451,2.225329935513847
0.08,0.07199999999999994,0.09,0.08199999999999993,9.972720000000075,0.004546160724987597,0.042868729456893795,1.289472000000009e-06,1.5517920000000103e-06,0.0012960000000000098,9.972720000000075,2.109594864197545e-06,21156648.24924976,0.9951690821256111,0.6955833913977353,0.006911252927782987,4.383585282100087
0.08,0.07199999999999994,0.09,0.08299999999999993,9.418680000000077,0.0049358458212817565,0.04534527350675572,1.258368000000009e-06,1.429278000000011e-06,0.0012240000000000098,9.418680000000077,1.9943787853316993e-06,22970141.218153324,0.8212560386473486,0.9586159903524527,0.01025346696086508,4.391253563607817
0.08,0.07299999999999994,0.09,0.08099999999999993,9.903465000000073,0.00433583543873184,0.04378794198775582,1.214135250000009e-06,1.62706725000001e-06,0.0012870000000000095,9.903465000000073,2.0653094754310493e-06,20177849.13315648,0.9734299516908276,0.5536164360385137,0.008151773975734163,4.035674501125244
0.08,0.07299999999999994,0.09,0.08199999999999993,9.341730000000071,0.004684876202647252,0.04564948112303435,1.1817171666666758e-06,1.5058446666666773e-06,0.0012140000000000093,9.341730000000071,1.981088268083382e-06,21802193.962458126,0.797101449275366,0.7892146155606466,0.010664009613701635,3.9803975885610927
0.08,0.07399999999999994,0.09,0.07999999999999993,9.849600000000073,0.004143321756313601,0.04616394920203595,1.138506666666676e-06,1.702666666666677e-06,0.0012800000000000094,9.849600000000073,1.9590102896341615e-06,19281940.583398473,0.9565217391304409,0.4236720919967083,0.011358308765500612,3.72826771015024
0.08,0.07399999999999994,0.09,0.08099999999999993,9.280170000000071,0.004457153625376327,0.047584624673001785,1.1047380000000093e-06,1.58278050000001e-06,0.0012060000000000091,9.280170000000071,1.9005225347137786e-06,20742432.384022795,0.7777777777777812,0.6355047048921034,0.013275577911503585,3.6176183210290542
0.08,0.07399999999999994,0.09,0.08199999999999993,8.710740000000076,0.0048323232618297934,0.049410349031521666,1.0709693333333426e-06,1.4598973333333438e-06,0.0011320000000000097,8.710740000000076,1.8302977669565365e-06,22488374.182476595,0.5990338164251237,0.888739548779385,0.015739479804112826,3.5903200266382536
0.08,0.07499999999999994,0.09,0.07899999999999993,9.811125000000075,0.0039666410189730635,0.05049471602553189,1.0626562500000097e-06,1.77850625000001e-06,0.0012750000000000096,9.811125000000075,1.790992377325377e-06,18459714.437326163,0.944444444444451,0.30441478919024734,0.017202884658387103,3.459365796372235
0.08,0.07499999999999994,0.09,0.07999999999999993,9.234000000000071,0.004249816773343347,0.05157908319662231,1.0275000000000094e-06,1.6600000000000106e-06,0.0012000000000000092,9.234000000000071,1.7533396464646622e-06,19777540.662650477,0.7632850241545927,0.4955549055080464,0.018666289751639534,3.2996311732315102
0.08,0.07499999999999994,0.09,0.08099999999999993,8.656875000000074,0.004585456290446389,0.05295718386193268,9.923437500000092e-07,1.5384937500000103e-06,0.0011250000000000097,8.656875000000074,1.7077126255942249e-06,21339519.578808673,0.5821256038647364,0.722107409915033,0.020526102171635405,3.2111177335959105
0.08,0.07499999999999994,0.09,0.08199999999999993,8.079750000000072,0.00498935311980618,0.05473810867474276,9.571875000000096e-07,1.4139500000000104e-06,0.0010500000000000093,8.079750000000072,1.6521515574151717e-06,23219150.252837624,0.40096618357487857,0.9947327521372066,0.022929544945677647,3.2152935999447263
0.08,0.07599999999999994,0.08,0.06799999999999995,9.480240000000064,0.0049613500919055385,0.06786205946741372,9.258026666666746e-07,1.421930666666673e-06,0.0012320000000000083,9.480240000000064,1.3326393600000146e-06,20523405.735675726,0.8405797101449295,0.9758310561848752,0.040640940998249074,4.514042183802788
0.08,0.07599999999999994,0.09,0.07799999999999994,9.788040000000064,0.003804087693394012,0.05793280915645029,9.866560000000088e-07,1.8545040000000084e-06,0.0012720000000000084,9.788040000000064,1.5610437818181992e-06,17703233.586985983,0.9371980676328534,0.194693313818465,0.02724094525452833,3.2282217757900185
0.08,0.07599999999999994,0.09,0.07899999999999993,9.203220000000073,0.004060444335411935,0.058739615003864334,9.500746666666759e-07,1.7374196666666768e-06,0.0011960000000000096,9.203220000000073,1.5396023874345727e-06,18896250.646792382,0.7536231884058008,0.3677308624712823,0.028329768134682732,3.0246610582946496
0.08,0.07599999999999994,0.09,0.07999999999999993,8.618400000000076,0.004361930653596426,0.05976662767360745,9.134933333333431e-07,1.6173333333333442e-06,0.0011200000000000099,8.618400000000076,1.5131462994836659e-06,20299289.468260374,0.5700483091787465,0.5712303818922003,0.029715770599351155,2.8823214619199913
0.08,0.07599999999999994,0.09,0.08099999999999993,8.033580000000073,0.004721364472091184,0.06108608044435437,8.769120000000097e-07,1.4942070000000104e-06,0.0010440000000000093,8.033580000000073,1.480462502080461e-06,21972000.86734955,0.38647342995169054,0.8138437441428508,0.031496434895076184,2.818604213035849
0.08,0.07699999999999994,0.08,0.06699999999999995,9.549495000000059,0.004755641029738961,0.08296078147636271,8.64357416666675e-07,1.483437416666673e-06,0.0012410000000000077,9.549495000000059,1.0901012488980015e-06,19672457.814617306,0.8623188405797106,0.8369799947386656,0.0610173847698542,4.321933895986317
0.08,0.07699999999999994,0.09,0.07699999999999994,9.780345000000064,0.003654184829566956,0.0712960743489842,9.105799166666757e-07,1.930579916666675e-06,0.0012710000000000082,9.780345000000064,1.2684520476438499e-06,17005624.691613533,0.9347826086956553,0.09351074297305108,0.04527530747666382,3.036644619509732
0.08,0.07699999999999994,0.09,0.07799999999999994,9.187830000000066,0.003886974708918867,0.07184310183893405,8.725355000000095e-07,1.8149580000000084e-06,0.0011940000000000084,9.187830000000066,1.2587938045838553e-06,18088968.17447007,0.7487922705314023,0.2506410195953495,0.046013547102764556,2.7936723978876703
0.08,0.07699999999999994,0.09,0.07899999999999993,8.595315000000074,0.004158791638896365,0.07256027594668356,8.344910833333432e-07,1.696333083333344e-06,0.0011170000000000095,8.595315000000074,1.246352088894869e-06,19353933.388769783,0.5628019323671516,0.43411407055828255,0.04698140768542496,2.603615345903445
0.08,0.07699999999999994,0.09,0.07999999999999993,8.002800000000075,0.004480120137859835,0.07349724831905376,7.964466666666763e-07,1.5746666666666771e-06,0.0010400000000000097,8.002800000000075,1.2304630930446987e-06,20849312.552921113,0.3768115942028987,0.6510068155063183,0.048245896484532126,2.4806943101058647
0.08,0.07699999999999994,0.09,0.08099999999999993,7.410285000000076,0.00486557508507792,0.07472577471095736,7.584022500000101e-07,1.4499202500000104e-06,0.0009630000000000099,7.410285000000076,1.21023370914181e-06,22643119.509503894,0.19082125603864578,0.9111841163856743,0.04990385130559046,2.4447358521928764
0.08,0.07799999999999994,0.08,0.06599999999999995,9.634140000000064,0.004567301058919304,0.11459449226797404,8.032973333333418e-07,1.5446093333333395e-06,0.0012520000000000083,9.634140000000064,7.891797389830699e-07,18893359.87438456,0.8888888888888914,0.7098528541760342,0.1037085826639835,4.190080957682726
0.08,0.07799999999999994,0.08,0.06699999999999995,9.033930000000066,0.0048373713807147774,0.1148755712991028,7.637513333333419e-07,1.4583738333333398e-06,0.0011740000000000084,9.033930000000066,7.872487638078322e-07,20010548.27848772,0.7004830917874404,0.892146966314151,0.10408791219066647,3.9898311201812895
0.08,0.07799999999999994,0.09,0.07599999999999994,9.788040000000064,0.003515647845844018,0.09916198324899732,8.34504000000009e-07,2.006656000000008e-06,0.0012720000000000084,9.788040000000064,9.119992212121435e-07,16360909.642709,0.9371980676328534,0.0,0.08288167744024413,2.8944758803388044
0.08,0.07799999999999994,0.09,0.07699999999999994,9.187830000000066,0.003727642542900764,0.09939967849071492,7.949580000000091e-07,1.8925355000000086e-06,0.0011940000000000084,9.187830000000066,9.09818350221172e-07,17347477.76197585,0.7487922705314023,0.14309378691085883,0.083202458478849,2.6157668438947734
0.08,0.07799999999999994,0.09,0.07799999999999994,8.587620000000065,0.003973554219386805,0.099773274465179,7.554120000000092e-07,1.7754120000000084e-06,0.0011160000000000085,8.587620000000065,9.064115814751507e-07,18491886.671938594,0.5603864734299507,0.3090811135870847,0.08370664402266215,2.383028291486684
0.08,0.07799999999999994,0.09,0.07899999999999993,7.9874100000000725,0.004262021302416262,0.10031795165131234,7.158660000000099e-07,1.6552465000000101e-06,0.0010380000000000094,7.9874100000000725,9.014902119540448e-07,19834337.3630452,0.3719806763285017,0.5037928110158412,0.0844417118019314,2.207969362819119
0.08,0.07799999999999994,0.09,0.07999999999999993,7.387200000000073,0.004604892848400753,0.10108301194845615,6.763200000000099e-07,1.5320000000000105e-06,0.0009600000000000095,7.387200000000073,8.94667162698434e-07,21429972.258485492,0.18357487922705037,0.7352268450745728,0.08547419707567833,2.106652524905975
0.09,0.08099999999999993,0.09,0.08399999999999994,9.972720000000082,0.004809753170790039,0.039090352576007105,1.7474130000000107e-06,1.466748000000011e-06,0.0012960000000000107,9.972720000000082,2.3135030905923525e-06,22383338.855754197,0.9951690821256133,0.8735050177149746,0.001812153546014872,4.734329435352804
0.09,0.08199999999999993,0.09,0.08299999999999993,9.95733000000008,0.004521403789501334,0.03774756661514489,1.6538713333333446e-06,1.560288833333345e-06,0.0012940000000000104,9.95733000000008,2.395800831851583e-06,21041435.917900942,0.9903381642512166,0.6788727674990208,0.0,4.3287600277516916
0.09,0.08199999999999993,0.09,0.08399999999999994,9.326340000000076,0.004977363375009486,0.0407238094611946,1.6079240000000111e-06,1.4173560000000113e-06,0.00121200000000001,9.326340000000076,2.220707067768613e-06,23163353.102537215,0.7922705314009715,0.9866398233476039,0.004016581334978528,4.3541078222331
0.09,0.08299999999999993,0.09,0.08199999999999993,9.95733000000008,0.004265565102656083,0.0377475666151449,1.560288833333345e-06,1.6538713333333446e-06,0.0012940000000000104,9.95733000000008,2.3958008318515825e-06,19850829.286598943,0.9903381642512166,0.5061848321532185,9.36436748661891e-18,3.9833841570600867
0.09,0.08299999999999993,0.09,0.08299999999999993,9.318645000000082,0.004663830278455196,0.039923012510036035,1.5126399166666785e-06,1.5126399166666785e-06,0.0012110000000000107,9.318645000000082,2.2652511875000173e-06,21704251.711370442,0.7898550724637751,0.775008878183763,0.0029358677462334617,3.9225188415050845
0.09,0.08399999999999994,0.09,0.08099999999999993,9.972720000000082,0.004037222936850051,0.039090352576007105,1.466748000000011e-06,1.7474130000000107e-06,0.0012960000000000107,9.972720000000082,2.3135030905923525e-06,18788184.304454528,0.9951690821256133,0.3520567069206038,0.001812153546014872,3.691432813764062
0.09,0.08399999999999994,0.09,0.08199999999999993,9.326340000000076,0.0043874560263731065,0.0407238094611946,1.4173560000000113e-06,1.6079240000000111e-06,0.00121200000000001,9.326340000000076,2.220707067768613e-06,20418077.906667087,0.7922705314009715,0.5884596914156779,0.004016581334978528,3.5577475583692486
0.09,0.08399999999999994,0.09,0.08299999999999993,8.679960000000078,0.0048155216269246326,0.042868295088939246,1.3679640000000112e-06,1.464991000000012e-06,0.00112800000000001,8.679960000000078,2.109616239911326e-06,22410183.74856892,0.5893719806763318,0.8773986539445034,0.0069106667275604244,3.5298239166455625
0.09,0.08499999999999994,0.09,0.08099999999999993,9.34942500000008,0.004142203693795428,0.043339719122586565,1.3221562500000116e-06,1.703126250000011e-06,0.0012150000000000103,9.34942500000008,2.086669072338461e-06,19276737.411568746,0.7995169082125668,0.4229174136865914,0.007546875892051595,3.2519324279029345
0.09,0.08499999999999994,0.09,0.08199999999999993,8.695350000000081,0.004516518072453034,0.04493783766616344,1.2709791666666783e-06,1.5619766666666781e-06,0.0011300000000000103,8.695350000000081,2.012461128387402e-06,21018699.062939327,0.5942028985507292,0.675574969186504,0.009703612907558804,3.1434622469327542
0.09,0.08499999999999994,0.09,0.08299999999999993,8.041275000000079,0.004977412246984559,0.04704436541582614,1.219802083333345e-06,1.417342083333345e-06,0.0010450000000000103,8.041275000000079,1.9223482067953203e-06,23163580.53998354,0.38888888888889034,0.9866728113236433,0.01254647233757462,3.152558761651532
0.09,0.08599999999999992,0.08,0.06899999999999995,9.741870000000073,0.004748444972876134,0.05602106982714278,1.2026780000000116e-06,1.4856855000000076e-06,0.0012660000000000093,9.741870000000073,1.6143149671361717e-06,19642690.192506995,0.9227053140096676,0.8321227457526111,0.024660962066115934,4.45702239560034
0.09,0.08599999999999992,0.09,0.07999999999999993,9.38790000000009,0.003923271393317242,0.048571436977804014,1.2271266666666802e-06,1.7981666666666787e-06,0.0012200000000000119,9.38790000000009,1.861910149750441e-06,18257883.492445886,0.8115942028985607,0.27514083065185707,0.014607328070888787,2.999671598070285
0.09,0.08599999999999992,0.09,0.08099999999999993,8.72613000000009,0.004252789883379285,0.04976670356211536,1.1741220000000136e-06,1.6588395000000117e-06,0.0011340000000000117,8.72613000000009,1.8171919179670331e-06,19791376.742596116,0.6038647342995244,0.49756171784746656,0.016220397199048327,2.8229380357925544
0.09,0.08599999999999992,0.09,0.08199999999999993,8.06436000000009,0.004653403261161578,0.05131694402132468,1.121117333333347e-06,1.5160293333333451e-06,0.0010480000000000116,8.06436000000009,1.7622961230769467e-06,21655727.087954152,0.39613526570048796,0.7679707710450289,0.018312520461588277,2.74265985965311
0.09,0.08699999999999992,0.08,0.06799999999999995,9.88038000000007,0.0045211743920344225,0.06756235649100441,1.1284830000000119e-06,1.5603680000000073e-06,0.001284000000000009,9.88038000000007,1.338550876462964e-06,18702549.654953104,0.9661835748792322,0.6787179270586517,0.04023647757125389,4.296223056326254
0.09,0.08699999999999992,0.08,0.06899999999999995,9.210915000000075,0.004837583952071886,0.06840004430022635,1.0736077500000118e-06,1.4583097500000077e-06,0.0011970000000000097,9.210915000000075,1.3221577913018674e-06,20011427.61337216,0.7560386473429994,0.8922904493394331,0.041366977128279525,4.094063817836144
0.09,0.08699999999999992,0.09,0.07899999999999993,9.441765000000085,0.003726792338192834,0.05855900349736181,1.132355250000014e-06,1.8929672500000113e-06,0.001227000000000011,9.441765000000085,1.544350929759443e-06,17343521.130648088,0.8285024154589457,0.1425199092950684,0.028086024312882957,2.7986330892798565
0.09,0.08699999999999992,0.09,0.07999999999999993,8.77230000000009,0.004018624804186814,0.05942423488065051,1.0774800000000137e-06,1.7555000000000122e-06,0.0011400000000000117,8.77230000000009,1.521864802779051e-06,18701633.437766887,0.618357487922713,0.3395031984168474,0.029253695233677504,2.563332555835511
0.09,0.08699999999999992,0.09,0.08099999999999993,8.102835000000088,0.004369442772154672,0.060547677126517374,1.0226047500000142e-06,1.6145527500000117e-06,0.0010530000000000114,8.102835000000088,1.4936271016304622e-06,20334248.91196634,0.4082125603864779,0.5763009685962396,0.03076983399959319,2.4080094523515063
0.09,0.08699999999999992,0.09,0.08199999999999993,7.433370000000085,0.004798845128196891,0.06202484438958146,9.67729500000014e-07,1.4700820000000123e-06,0.0009660000000000111,7.433370000000085,1.4580552742527794e-06,22332575.665847022,0.19806763285024287,0.8661422244748176,0.032763341506999534,2.3592506890073635
0.09,0.08799999999999993,0.08,0.06799999999999995,9.357120000000075,0.004598393465469585,0.09260665164468294,9.983253333333457e-07,1.5341653333333407e-06,0.0012160000000000096,9.357120000000075,9.765567579737623e-07,19021978.50905239,0.8019323671497632,0.7308398423376333,0.0740349455274128,3.9415117316519694
0.09,0.08799999999999993,0.08,0.06899999999999995,8.67996000000007,0.004930133635618389,0.09326900341675008,9.415360000000124e-07,1.4309340000000076e-06,0.0011280000000000092,8.67996000000007,9.69621719799527e-07,20394273.94974181,0.5893719806763296,0.9547603359919555,0.07492882075953838,3.752565434772438
0.09,0.08799999999999993,0.09,0.07799999999999994,9.511020000000082,0.003549618226628853,0.07996032184042702,1.0379320000000134e-06,1.9874520000000097e-06,0.0012360000000000105,9.511020000000082,1.1310065969646204e-06,16518998.949408509,0.8502415458937275,0.02292958501695327,0.05696812172465226,2.653551929439741
0.09,0.08799999999999993,0.09,0.07899999999999993,8.833860000000092,0.003809476480170945,0.08049470154596634,9.811426666666812e-07,1.8518806666666784e-06,0.0011480000000000119,8.833860000000092,1.1234981900677534e-06,17728311.59747143,0.6376811594202982,0.19833067794819173,0.057689292563889855,2.3673941267211682
0.09,0.08799999999999993,0.09,0.07999999999999993,8.156700000000088,0.004118728720686943,0.0812241033657617,9.243533333333478e-07,1.7128333333333452e-06,0.0010600000000000115,8.156700000000088,1.1134090466926396e-06,19167490.999318734,0.42512077294686457,0.4070720984671048,0.058673655025769586,2.1481801708005728
0.09,0.08799999999999993,0.09,0.08099999999999993,7.479540000000085,0.0044926756637091725,0.08221179722312497,8.675640000000144e-07,1.5702660000000118e-06,0.000972000000000011,7.479540000000085,1.1000325324538575e-06,20907742.70091803,0.21256038647343145,0.659481639477778,0.060006594882281536,2.016651033258132
0.09,0.08799999999999993,0.09,0.08199999999999993,6.802380000000088,0.004953671874487952,0.08355273395889709,8.107746666666811e-07,1.4241346666666787e-06,0.0008840000000000115,6.802380000000088,1.0823781247113474e-06,23053099.028087974,0.0,0.9706483548142214,0.06181625281104834,2.003112962439491
